Subject_Num,HazType,Speed,x_dist,y_dist,sl_dist,angle,turn,signal_type,stop,action,RT
S1,2,18.77,-110.14,-18.66,111.71,-170.39,0,0,1,1,3.73
S1,0,18.97,-166.04,-7.88,166.23,-177.28,1,1,1,1,2.36
S1,3,19.66,-85.25,22.9,88.27,164.97,0,0,0,1,1.71
S10,1,18.18,202.48,7.26,202.61,2.05,1,1,0,3,4.15
S10,3,16.32,71.49,24.06,75.43,18.6,0,0,0,1,2.15
S100,1,16.35,186.8,7.41,186.94,2.27,1,1,0,3,6.74
S100,0,18.3,161.42,7.55,161.59,2.68,1,1,1,1,4.19
S100,3,17.91,78.53,24.09,82.14,17.06,0,0,0,1,2.53
S101,0,19.37,172.99,7.25,173.14,2.4,1,1,1,3,6.4
S101,1,19.3,214.67,6.84,214.78,1.82,1,1,0,1,5.6
S101,2,19.88,117.26,19.05,118.8,9.23,0,0,1,1,2.91
S102,0,19.23,-168.2,-7.24,168.36,-177.54,1,1,1,2,6.04
S102,2,20.79,-121.84,-18.99,123.31,-171.14,0,0,1,1,5.05
S102,3,19.99,-86.18,22.49,89.07,165.38,0,0,0,1,2.24
S103,0,17.85,162.6,7.62,162.78,2.68,1,1,1,2,6.85
S103,1,18.28,207.26,6.94,207.38,1.92,1,1,0,1,6.68
S103,2,18.13,107.23,19.06,108.91,10.08,0,0,1,1,2.81
S104,1,15.46,-184.32,-7.64,184.48,-177.63,1,1,0,1,6.95
S104,3,16.12,-71.24,23.59,75.04,161.68,0,0,0,1,2.97
S104,2,16.75,-98.18,-18.83,99.97,-169.14,0,0,1,3,2.93
S105,1,16.34,188.91,7.61,189.07,2.31,1,1,0,1,7.92
S105,0,16.94,151.46,7.28,151.64,2.75,1,1,1,2,6.96
S105,3,18.38,80.45,23.53,83.82,16.31,0,0,0,3,3.14
S107,1,15.95,187.09,6.85,187.21,2.1,1,1,0,1,6
S107,2,15.85,93.82,19.04,95.73,11.47,0,0,1,1,2.99
S108,0,19.3,-168.59,-7.45,168.76,-177.47,1,1,1,1,6.88
S108,2,19.64,-115.01,-19.29,116.62,-170.48,0,0,1,1,3.09
S108,3,20,-86.08,23.01,89.1,165.03,0,0,0,3,2.46
S109,1,18.36,-211.54,-7.61,211.68,-177.94,1,1,0,1,6.98
S109,3,18.47,-81.55,23.9,84.98,163.67,0,0,0,3,3.83
S109,2,19.88,-116.19,-19.07,117.74,-170.68,0,0,1,1,2.15
S11,1,16.21,-193.58,-7.39,193.72,-177.82,1,1,0,2,7.07
S11,3,16.86,-74.64,23.97,78.39,162.2,0,0,0,3,3.73
S11,2,16.86,-98.73,-18.59,100.46,-169.33,0,0,1,1,2.29
S110,0,17.31,154.45,7.01,154.61,2.6,1,1,1,3,6.57
S110,1,16.99,194.27,7.06,194.39,2.08,1,1,0,1,5.42
S110,3,17.91,77.9,24.41,81.63,17.4,0,0,0,1,2.53
S111,1,16.9,197.02,7.23,197.15,2.1,1,1,0,2,6.96
S111,0,17.84,161.71,7.49,161.89,2.65,1,1,1,2,6.47
S111,2,17.19,101.49,19.39,103.32,10.82,0,0,1,1,3.58
S12,0,17.15,157.04,7.3,157.21,2.66,1,1,1,1,6.24
S12,1,17.25,197.71,6.92,197.83,2,1,1,0,1,5.75
S12,2,15.53,92.02,18.91,93.94,11.61,0,0,1,1,2.85
S13,0,17.86,-158.32,-7.14,158.48,-177.42,1,1,1,1,5.75
S13,2,18.51,-108.97,-18.77,110.58,-170.23,0,0,1,1,2.45
S13,3,17.85,-77.07,23.07,80.45,163.33,0,0,0,1,1.57
S14,1,19.26,-218.87,-7.44,218.99,-178.05,1,1,0,1,4.89
S14,3,18.21,-80.14,23.97,83.65,163.35,0,0,0,3,3.43
S14,2,18.74,-110.24,-18.4,111.76,-170.53,0,0,1,1,2.17
S15,1,16.27,190.65,6.74,190.77,2.02,1,1,0,1,8.45
S15,0,18.17,160.9,6.68,161.04,2.38,1,1,1,1,7.05
S15,3,17.18,74.99,24.32,78.84,17.97,0,0,0,1,1.87
S17,0,19.58,-170.21,-7.47,170.38,-177.49,1,1,1,1,6.45
S17,2,20.64,-121.05,-18.73,122.49,-171.2,0,0,1,1,2.42
S17,3,20.5,-88.95,23.19,91.92,165.38,0,0,0,1,2
S18,0,17.5,-155.71,-7.87,155.91,-177.11,1,1,1,1,6.63
S18,2,17.81,-104.27,-19.23,106.02,-169.55,0,0,1,1,3.23
S18,3,17.1,-74.31,22.63,77.68,163.06,0,0,0,1,1.51
S19,1,18.66,-215.3,-7.44,215.42,-178.02,1,1,0,1,7.14
S19,3,21.17,-93.03,23.77,96.02,165.67,0,0,0,3,3.68
S19,2,18.77,-109.8,-18.74,111.39,-170.32,0,0,1,1,2.83
S2,1,16.47,-195.17,-7.61,195.32,-177.77,1,1,0,2,8.43
S2,3,17.15,-75.78,23.52,79.34,162.75,0,0,0,1,3.39
S2,2,16.25,-95.93,-19.09,97.81,-168.75,0,0,1,1,2.18
S20,1,16.95,195.46,6.84,195.58,2,1,1,0,1,6.91
S20,0,16.35,147.25,7,147.42,2.72,1,1,1,1,5.65
S20,3,17.03,74.71,24.38,78.59,18.08,0,0,0,1,2.6
S21,2,17.94,105.71,19.36,107.47,10.38,0,0,1,2,9.05
S21,1,17.04,200.11,6.96,200.23,1.99,1,1,0,2,7.57
S21,0,15.95,149.21,7.48,149.4,2.87,1,1,1,1,0
S22,0,16.24,-146.29,-7.24,146.47,-177.17,1,1,1,1,5.64
S22,2,16.06,-94.21,-18.34,95.98,-168.98,0,0,1,1,2.91
S22,3,15.98,-69.11,23.45,72.98,161.26,0,0,0,1,2.59
S23,1,16.93,-199.48,-7.52,199.62,-177.84,1,1,0,3,2.58
S23,3,18.15,-80.38,23.81,83.83,163.5,0,0,0,1,1.99
S23,2,17.75,-103.91,-18.69,105.58,-169.8,0,0,1,1,1.86
S24,1,15.22,184.03,6.83,184.15,2.13,1,1,0,2,7.91
S24,3,15.7,69.07,24.51,73.29,19.54,0,0,0,3,3.26
S25,1,17.27,197.26,6.82,197.38,1.98,1,1,0,1,7.31
S25,0,17.81,161.98,7.85,162.17,2.77,1,1,1,1,6.39
S25,2,17.12,101.42,19.27,103.23,10.76,0,0,1,1,2.38
S26,0,19.89,-172.69,-7.72,172.87,-177.44,1,1,1,1,5.03
S26,2,20.58,-120.9,-18.42,122.29,-171.34,0,0,1,1,1.96
S26,3,19.44,-83.58,22.79,86.63,164.75,0,0,0,1,1.64
S27,1,20.8,-232.22,-7.25,232.33,-178.21,1,1,0,3,6.61
S27,3,19.92,-87.8,23.79,90.97,164.84,0,0,0,3,3.04
S27,2,21.46,-125.74,-18.52,127.1,-171.62,0,0,1,1,2.17
S28,1,15.39,179.98,6.55,180.1,2.09,1,1,0,3,6.89
S28,3,16.33,70.93,24.81,75.14,19.28,0,0,0,1,3.32
S29,1,19.71,218.56,6.96,218.67,1.82,1,1,0,1,6.34
S29,0,20.72,183.12,7.54,183.27,2.36,1,1,1,2,6.24
S29,2,16.36,96.62,18.95,98.46,11.1,0,0,1,1,3.71
S3,0,17.62,156.47,6.83,156.62,2.5,1,1,1,2,5.4
S3,3,15.33,66.73,23.66,70.8,19.52,0,0,0,2,3.26
S30,0,16.39,-146.86,-7.86,147.07,-176.94,1,1,1,1,6.4
S30,2,17.82,-104.64,-18.87,106.33,-169.78,0,0,1,1,2.73
S30,3,18.21,-78.66,22.53,81.82,164.01,0,0,0,1,1.2
S31,1,18.01,203.62,7.11,203.75,2,1,1,0,1,6.25
S31,0,17.33,158.51,7.54,158.69,2.72,1,1,1,1,5.06
S31,2,18.2,107.31,19.36,109.04,10.23,0,0,1,1,1.72
S32,1,22.78,-248.16,-7.01,248.26,-178.38,1,1,0,2,6.82
S32,3,21.47,-94.01,23.69,96.95,165.86,0,0,0,3,3.16
S32,2,21.53,-125.83,-18.68,127.2,-171.56,0,0,1,1,1.99
S33,1,18.31,-209.62,-7.36,209.75,-177.99,1,1,0,3,7.49
S33,3,20.48,-89.67,23.38,92.67,165.39,0,0,0,1,2.79
S33,2,20.48,-119.74,-18.92,121.22,-171.02,0,0,1,1,1.43
S34,0,20.15,-175.04,-7.8,175.22,-177.45,1,1,1,3,4.89
S34,2,19.91,-116.88,-18.74,118.38,-170.89,0,0,1,2,3.37
S34,3,18.57,-80.23,22.64,83.36,164.24,0,0,0,3,2.6
S37,1,19.33,212.71,6.92,212.83,1.86,1,1,0,3,7.36
S37,0,19.63,171.19,7.28,171.34,2.44,1,1,1,2,7.15
S37,3,19.93,86.56,23.6,89.72,15.25,0,0,0,1,2.96
S38,0,17.24,-153.42,-7.77,153.62,-177.1,1,1,1,1,7.43
S38,3,16.18,-69.54,21.86,72.9,162.55,0,0,0,1,3.77
S39,1,16.58,-196.75,-7.3,196.89,-177.88,1,1,0,1,6.73
S39,2,16.82,-98.62,-18.33,100.31,-169.47,0,0,1,1,2.46
S39,3,16.74,-73.66,23.72,77.38,162.15,0,0,0,1,2.43
S4,1,17.95,204.2,6.63,204.31,1.86,1,1,0,3,6.98
S4,0,18.21,164.78,7.48,164.95,2.6,1,1,1,1,6.27
S4,2,17.8,105.46,19.28,107.21,10.36,0,0,1,1,3.64
S40,1,18.98,214.02,7.11,214.14,1.9,1,1,0,2,7.38
S40,0,19.68,175.75,7.79,175.92,2.54,1,1,1,1,6.78
S40,2,19.72,116.15,19.5,117.78,9.53,0,0,1,1,3.34
S41,0,20.01,177.53,7.33,177.68,2.37,1,1,1,1,7.78
S41,1,18.31,206.87,6.63,206.98,1.83,1,1,0,3,7.67
S41,2,19.44,114.26,18.94,115.82,9.41,0,0,1,1,2.74
S42,0,19.45,169.69,6.71,169.82,2.26,1,1,1,1,6.66
S42,1,17.49,199.5,6.95,199.62,2,1,1,0,3,2.14
S43,1,15.84,187.78,7.25,187.92,2.21,1,1,0,1,8.08
S43,0,16.19,149.76,7.48,149.94,2.86,1,1,1,2,7.11
S43,2,16.12,95.14,19.67,97.15,11.68,0,0,1,1,4.75
S44,0,17.8,-157.9,-7.24,158.06,-177.37,1,1,1,1,5.91
S44,2,19.03,-111.51,-18.92,113.1,-170.37,0,0,1,1,2.72
S44,3,20.11,-87.44,22.75,90.35,165.41,0,0,0,3,1.85
S45,1,23.48,254,6.89,254.1,1.55,1,1,0,2,7.27
S45,0,19.61,175.15,7.8,175.32,2.55,1,1,1,2,5.73
S45,2,18.71,110.65,19.55,112.37,10.02,0,0,1,1,1.6
S46,1,19.31,216.79,6.74,216.9,1.78,1,1,0,3,6.43
S46,0,19.09,170.87,7.4,171.04,2.48,1,1,1,3,6.39
S46,2,19.57,115.41,18.61,116.9,9.16,0,0,1,1,2.56
S47,0,16.67,-149.55,-7.7,149.75,-177.05,1,1,1,1,6.11
S47,2,17.08,-100.46,-18.89,102.22,-169.35,0,0,1,1,3.36
S47,3,17.1,-73.81,22.24,77.09,163.23,0,0,0,1,2.03
S48,0,26.84,223.97,6.72,224.07,1.72,1,1,1,1,5.85
S48,3,24.41,106.45,24.42,109.21,12.92,0,0,0,1,0.37
S49,1,12.3,-158.04,-7.4,158.22,-177.32,1,1,0,1,6.81
S49,3,13.57,-59.98,23.38,64.38,158.71,0,0,0,1,3.28
S49,2,13.04,-76.72,-18.77,78.98,-166.25,0,0,1,1,1.84
S5,0,18.59,-163.44,-7.71,163.62,-177.3,1,1,1,1,6.31
S5,2,21.11,-123.87,-19,125.32,-171.28,0,0,1,1,2.69
S5,3,21.35,-92.65,22.91,95.44,166.11,0,0,0,1,1.82
S50,0,17.3,-154.06,-7.98,154.27,-177.04,1,1,1,1,6.62
S50,2,17.65,-103.7,-19.06,105.44,-169.59,0,0,1,1,2.63
S50,3,15.36,-66.29,22.14,69.89,161.53,0,0,0,1,2.05
S51,2,15.82,-92.63,-18.85,94.53,-168.5,0,0,1,1,2.56
S51,3,16.61,-73.45,23.75,77.2,162.08,0,0,0,1,2.07
S52,1,15.23,178.9,7.15,179.04,2.29,1,1,0,3,7.29
S52,0,16.48,148.12,6.99,148.29,2.7,1,1,1,3,6.47
S52,3,17.83,78.08,23.35,81.5,16.65,0,0,0,1,2.27
S53,1,15.4,181.09,6.85,181.22,2.17,1,1,0,1,6.52
S53,0,15.84,143.49,6.99,143.66,2.79,1,1,1,1,5.06
S53,3,16.7,73.16,24.4,77.12,18.45,0,0,0,1,1.36
S54,1,18.96,211,7.05,211.12,1.91,1,1,0,1,7.38
S54,0,19.04,170.53,7.15,170.68,2.4,1,1,1,2,6.97
S54,2,17.49,102.98,19.2,104.76,10.56,0,0,1,1,2.94
S55,0,17.45,-154.96,-7.69,155.15,-177.16,1,1,1,1,6.76
S55,2,18.85,-110.87,-18.58,112.41,-170.49,0,0,1,1,2.9
S55,3,17.87,-77.37,22.62,80.61,163.7,0,0,0,1,2.01
S56,1,19.95,-226.14,-7.41,226.26,-178.12,1,1,0,1,8.18
S56,3,19.93,-87.7,23.32,90.75,165.11,0,0,0,1,3.28
S56,2,19.21,-112.65,-19.26,114.28,-170.3,0,0,1,1,2.71
S57,0,15.41,-140.52,-7.79,140.74,-176.83,1,1,1,1,6.76
S57,2,16.45,-97.13,-19.31,99.03,-168.76,0,0,1,1,3.35
S57,3,16.42,-71.15,22.58,74.65,162.39,0,0,0,3,1.69
S58,1,18.52,205.13,6.65,205.24,1.86,1,1,0,3,6.43
S58,0,18.46,162.95,6.57,163.08,2.31,1,1,1,1,5.35
S58,3,20.17,87.54,24.15,90.81,15.42,0,0,0,1,2.34
S59,1,17.99,204.15,6.46,204.25,1.81,1,1,0,1,6.73
S59,0,17.02,156.05,7.51,156.23,2.76,1,1,1,1,5.68
S59,2,17.31,102.23,19.1,104,10.58,0,0,1,1,4.01
S6,1,17.1,-201.06,-7.62,201.21,-177.83,1,1,0,1,6.48
S6,3,17,-75.27,23.29,78.79,162.81,0,0,0,1,2.6
S6,2,16.43,-96.63,-19.2,98.52,-168.76,0,0,1,1,1.7
S61,1,17.77,203.21,6.99,203.33,1.97,1,1,0,2,6.98
S61,3,19.13,83.27,24.66,86.84,16.5,0,0,0,1,2.9
S62,2,15.88,94.27,18.95,96.15,11.37,0,0,1,1,4.69
S64,0,19.44,-169.3,-7.99,169.49,-177.3,1,1,1,3,6.8
S64,2,18.12,-106.56,-19.32,108.29,-169.72,0,0,1,3,2.5
S64,3,18.9,-82.05,22.72,85.13,164.52,0,0,0,1,1.51
S65,1,17.25,-202.77,-7.2,202.89,-177.97,1,1,0,2,7.75
S65,3,18.63,-82.4,24.35,85.93,163.54,0,0,0,1,3.26
S65,2,17.95,-105.39,-18.49,107,-170.05,0,0,1,1,2.04
S66,1,17.21,198.13,7.1,198.26,2.05,1,1,0,2,7.32
S66,0,12.24,116.93,7.05,117.14,3.45,1,1,1,1,5.09
S66,3,17.59,76.85,24.8,80.75,17.89,0,0,0,2,2.59
S67,1,19.37,216.1,7.38,216.22,1.96,1,1,0,1,6.34
S67,0,20.08,178.74,7.48,178.9,2.4,1,1,1,3,5.59
S67,2,19.89,117.46,19.48,119.07,9.42,0,0,1,1,3.42
S68,0,16.94,-151.43,-7.91,151.63,-177.01,1,1,1,1,5.91
S68,2,18.11,-106.6,-19.11,108.3,-169.84,0,0,1,1,3.67
S68,3,16.75,-72.57,22.73,76.05,162.61,0,0,0,1,0.16
S7,0,18.74,165.16,6.91,165.3,2.4,1,1,1,3,6.14
S7,1,18.54,205.43,7.07,205.55,1.97,1,1,0,1,5.12
S7,3,19.67,86.25,24.46,89.65,15.83,0,0,0,1,2.7
S70,1,16.71,-198.92,-7.3,199.05,-177.9,1,1,0,2,7.56
S70,3,16.45,-72.3,23.44,76.01,162.04,0,0,0,1,2.36
S70,2,15.87,-93.02,-19.01,94.94,-168.45,0,0,1,1,1.63
S71,1,16.06,187.38,6.96,187.51,2.13,1,1,0,1,7.7
S71,0,16.18,146.52,6.77,146.68,2.65,1,1,1,1,6.01
S71,3,16.31,71.34,24.59,75.46,19.02,0,0,0,1,2.87
S72,1,18.64,208.92,7.09,209.04,1.94,1,1,0,1,7.48
S72,0,19.12,167.56,7,167.7,2.39,1,1,1,1,5.41
S72,3,20.72,90.24,24.56,93.53,15.23,0,0,0,1,1.98
S73,0,19.13,171.4,7.47,171.56,2.49,1,1,1,1,6.08
S73,1,18.46,206.06,6.67,206.17,1.85,1,1,0,1,5.83
S73,2,18.47,109.35,19.29,111.04,10,0,0,1,1,3.48
S74,1,17.77,202.51,6.59,202.62,1.86,1,1,0,1,5.78
S74,0,17.39,159.11,7.39,159.28,2.66,1,1,1,1,4.97
S74,2,17.31,102.54,19.24,104.32,10.63,0,0,1,1,3.24
S75,0,19.97,-173.37,-7.55,173.54,-177.51,1,1,1,1,6.43
S75,2,19.8,-116.55,-18.72,118.04,-170.87,0,0,1,1,2.8
S75,3,19.15,-82.58,23.08,85.74,164.39,0,0,0,1,1.61
S76,0,18.54,-163.11,-7.39,163.27,-177.41,1,1,1,1,5.5
S76,2,20.14,-117.93,-19.07,119.46,-170.81,0,0,1,3,2.45
S76,3,18.88,-81.55,22.32,84.55,164.7,0,0,0,1,1.82
S77,1,20.74,-232.49,-7.57,232.62,-178.13,1,1,0,2,8.1
S77,3,19.59,-85.81,23.61,89,164.62,0,0,0,1,3.32
S77,2,20.87,-121.91,-18.7,123.33,-171.28,0,0,1,1,3.1
S78,2,15.39,-91.05,-18.69,92.95,-168.4,0,0,1,1,3.39
S78,3,15.55,-67.37,23.06,71.21,161.11,0,0,0,1,3.34
S8,1,18.18,205.74,6.94,205.85,1.93,1,1,0,1,6.7
S8,0,18.31,165.88,7.44,166.05,2.57,1,1,1,1,5.67
S8,2,18.36,108.5,18.95,110.15,9.91,0,0,1,3,4.11
S80,1,23.33,-252.93,-7.09,253.03,-178.39,1,1,0,2,8.55
S80,2,23.34,-136.29,-18.61,137.56,-172.23,0,0,1,1,3.12
S80,3,20.84,-91.9,23.66,94.9,165.56,0,0,0,3,2.26
S81,1,20.61,224.92,7.27,225.04,1.85,1,1,0,1,6.89
S81,0,22.25,190.04,7.19,190.18,2.17,1,1,1,2,5.64
S81,3,19.9,86.42,24.19,89.74,15.64,0,0,0,3,2.57
S82,1,19.46,217.4,6.61,217.5,1.74,1,1,0,1,6.88
S82,0,20.07,178.68,7.41,178.83,2.37,1,1,1,1,5.59
S82,2,18.53,109.93,19.07,111.57,9.84,0,0,1,1,2.73
S83,1,16.37,191.12,7.16,191.26,2.15,1,1,0,3,6.76
S83,0,16.92,155.44,7.56,155.62,2.78,1,1,1,3,5.54
S83,2,17.01,100.7,19.34,102.54,10.87,0,0,1,1,2.72
S84,0,19.52,-170.34,-7.92,170.52,-177.34,1,1,1,1,6.49
S84,3,18.06,-77.78,23.2,81.16,163.39,0,0,0,1,2.61
S84,2,18.66,-109.27,-18.87,110.88,-170.2,0,0,1,1,2.54
S85,1,16.56,-196.7,-7.42,196.84,-177.84,1,1,0,1,7.62
S85,2,16.18,-94.87,-19.12,96.78,-168.61,0,0,1,1,2.02
S86,1,15.78,-188.11,-7.19,188.25,-177.81,1,1,0,1,6.13
S86,3,15.97,-70.97,23.5,74.76,161.68,0,0,0,3,3.28
S86,2,18.21,-107.02,-18.66,108.64,-170.11,0,0,1,1,1.79
S87,0,16.75,150.2,7.3,150.37,2.78,1,1,1,1,5.85
S87,3,16.13,70.96,23.82,74.85,18.55,0,0,0,1,2.12
S88,1,20.09,223.12,6.69,223.22,1.72,1,1,0,1,7.49
S88,0,18.73,168.91,7.32,169.07,2.48,1,1,1,1,5.77
S88,2,18.51,109.41,19.36,111.11,10.04,0,0,1,1,3.71
S89,0,18.02,-159.3,-7.6,159.48,-177.27,1,1,1,1,6.29
S89,3,16.87,-72.62,22.77,76.1,162.59,0,0,0,2,2.45
S89,2,19.38,-113.6,-18.95,115.17,-170.53,0,0,1,2,2.34
S9,0,19.38,-169.38,-7.56,169.55,-177.45,1,1,1,1,5.44
S9,2,20.42,-119.63,-18.85,121.11,-171.05,0,0,1,1,3.19
S9,3,22.79,-98.97,22.7,101.54,167.08,0,0,0,1,1.88
S90,1,16.26,-194.03,-7.66,194.18,-177.74,1,1,0,3,7.76
S90,2,15.97,-93.95,-19.53,95.96,-168.26,0,0,1,1,3.28
S90,3,18.27,-80.36,23.52,83.73,163.69,0,0,0,1,2.33
S91,0,14.45,133.51,7.38,133.71,3.16,1,1,1,2,7.03
S91,1,18.51,208.41,7.25,208.54,1.99,1,1,0,3,6.54
S91,3,19.18,84.04,24.02,87.41,15.95,0,0,0,1,2.58
S92,1,19.99,219.3,6.82,219.41,1.78,1,1,0,1,7.55
S92,0,16.18,145.94,6.88,146.1,2.7,1,1,1,3,5.34
S92,3,20.54,89.43,24.17,92.64,15.12,0,0,0,3,3.34
S94,1,16.97,194.9,7.08,195.03,2.08,1,1,0,1,6.69
S94,2,20.45,120.66,18.86,122.12,8.88,0,0,1,3,3.84
S95,0,13.74,-127.65,-7.36,127.87,-176.7,1,1,1,1,6.7
S95,2,13.09,-77.27,-18.91,79.55,-166.25,0,0,1,1,2.79
S95,3,12.53,-54.05,23.2,58.82,156.77,0,0,0,1,1.96
S96,1,20.08,-224.13,-6.76,224.23,-178.27,1,1,0,1,6.69
S96,3,21.59,-95.16,23.82,98.09,165.95,0,0,0,3,3.39
S96,2,23.17,-135.65,-18.59,136.92,-172.2,0,0,1,1,2.56
S97,0,17.04,-152.4,-7.27,152.57,-177.27,1,1,1,1,5.47
S97,2,15.93,-94.19,-18.32,95.96,-169,0,0,1,1,2.3
S97,3,16.15,-69.65,23.39,73.48,161.44,0,0,0,1,2.05
S99,1,19.24,212.48,7.15,212.6,1.93,1,1,0,1,5.67
S99,3,19.33,84.4,24.12,87.78,15.95,0,0,0,1,3.44
S99,0,19.43,170.37,6.81,170.5,2.29,1,1,1,3,1.83
